Vermis;;;;;;Teuthus;;;;;;Argos;;;;;;Orion;;;;;;Maia;;;;;;Overall;;;;;
SQ_SIMULATION;SQ_TEST;BASELINE;Sim;Test;Base;Sim;Test;Base;Sim;Test;Base;Sim;Test;Base;Sim;Test;Base;Sim;Test;Base;Sim;Test;Base;Sim;Test;Base;Sim;Test;Base;Sim;Test;Base;Sim;Test;Base
0,261706349;0,178412698;0,117718254;0,638308169;0,435152923;0,287117693;0,208650794;0,195972222;0,074305556;0,508904375;0,47798103;0,181233062;0,145734127;0,106984127;0,08922619;0,35544909;0,260936895;0,217624854;0,210873016;0,140615079;0,137301587;0,514324429;0,342963608;0,33488192;0,146230159;0,10656746;0,030515873;0,356658924;0,259920635;0,074428959;0,194638889;0,145710317;0,089813492;0,474728997;0,355391018;0,219057297
0,253472222;0,217638889;0,12156746;0,618224932;0,530826558;0,296506001;0,238869048;0,177301587;0,066706349;0,582607433;0,432442896;0,162698413;0,180238095;0,121329365;0,088948413;0,43960511;0,29592528;0,216947349;0,155138889;0,101666667;0,145873016;0,378387534;0,24796748;0,355787844;0,209662698;0,090853175;0,034265873;0,511372435;0,221593109;0,0835753;0,20747619;0,141757936;0,091472222;0,506039489;0,345751065;0,223102981
0,280793651;0,241765873;0,125694444;0,684862563;0,589672861;0,306571816;0,290099206;0,184662698;0,080119048;0,70755904;0,450396825;0,195412311;0,175218254;0,169484127;0,077718254;0,427361595;0,41337592;0,189556717;0,29656746;0,151031746;0,137440476;0,723335269;0,368370112;0,335220674;0,213571429;0,147738095;0,02922619;0,520905923;0,360336818;0,071283391;0,25125;0,178936508;0,090039683;0,612804878;0,436430507;0,219608982
0,247460317;0,164484127;0,06859127;0,60356175;0,401180798;0,16729578;0,23172619;0,119742063;0,078551587;0,56518583;0,292053813;0,191589237;0,170654762;0,149543651;0,083373016;0,416231127;0,364740612;0,20334882;0,206765873;0,106269841;0,13265873;0,504307007;0,259194735;0,323557878;0,193869048;0,121230159;0,029166667;0,472851336;0,295683314;0,071138211;0,210095238;0,132253968;0,078468254;0,51242741;0,322570654;0,191385985
0,33;0,155714286;0,109206349;0,804878049;0,379790941;0,266356949;0,32765873;0,210456349;0,084900794;0,799167635;0,513308169;0,207075106;0,23531746;0,148869048;0,081210317;0,573945024;0,363095239;0,198073944;0,236051587;0,094603175;0,132242063;0,575735579;0,23073945;0,322541618;0,178492063;0,202083333;0,038293651;0,435346496;0,492886179;0,093399148;0,261503968;0,162345238;0,089170635;0,637814557;0,395963996;0,217489353
0,237003968;0,148849206;0,112440476;0,578058459;0,363046845;0,274245064;0,181904762;0,192142857;0,069503968;0,443670151;0,468641115;0,169521874;0,160634921;0,097162698;0,077738095;0,39179249;0,23698219;0,18960511;0,23906746;0,130892857;0,133611111;0,583091367;0,319250871;0,325880759;0,192480159;0,104166667;0,026984127;0,469463802;0,254065041;0,065814944;0,202218254;0,134642857;0,084055556;0,493215254;0,328397212;0,20501355
0,246587302;0,178472222;0,108551587;0,601432443;0,435298103;0,264759969;0,239126984;0,184900794;0,082321429;0,583236547;0,450977545;0,200783972;0,165238095;0,110992063;0,082321429;0,403019744;0,270712349;0,200783973;0,259503968;0,129900794;0,133015873;0,632936508;0,316831204;0,324428959;0,183412698;0,088690476;0,027996032;0,447348045;0,216318235;0,068283004;0,218773809;0,13859127;0,08684127;0,533594657;0,338027487;0,211807975
0,253869048;0,233015873;0,10875;0,619192799;0,568331398;0,265243902;0,225535714;0,348650794;0,074285714;0,550087108;0,850367789;0,181184669;0,130992063;0,125297619;0,09640873;0,319492837;0,305603949;0,235143244;0,221825397;0,191547619;0,134166667;0,541037553;0,467189315;0,327235772;0,13640873;0,081448413;0,028154762;0,33270422;0,198654665;0,068670151;0,19372619;0,195992063;0,088353175;0,472502903;0,478029423;0,215495548
0,290873016;0,176488095;0,09922619;0,70944638;0,430458769;0,242015099;0,214325397;0,162380952;0,083829365;0,52274487;0,396051103;0,204461866;0,161646825;0,124940476;0,083134921;0,394260549;0,304732868;0,2027681;0,19827381;0,089384921;0,141190476;0,483594657;0,218012002;0,344367015;0,13702381;0,095337302;0,040178571;0,334204413;0,232530004;0,097996516;0,200428571;0,129706349;0,089511905;0,488850174;0,316356949;0,218321719
0,298849206;0,179365079;0,130535714;0,728900503;0,437475803;0,318379791;0,290496032;0,175436508;0,080079365;0,708526907;0,427893922;0,195315525;0,226964286;0,093392857;0,087420635;0,553571429;0,227787456;0,213221061;0,201011905;0,125892857;0,13172619;0,490272938;0,307055749;0,321283391;0,168670635;0,051944444;0,035555556;0,411391792;0,126693767;0,086720867;0,237198413;0,125206349;0,093063492;0,578532714;0,305381339;0,226984127
0,287619048;0,206051587;0,124285714;0,701509872;0,502564847;0,303135889;0,256587302;0,176051587;0,071805556;0,625822687;0,429394115;0,175135501;0,220992063;0,105694444;0,086765873;0,539005032;0,257791327;0,21162408;0,224880952;0,142142857;0,135833333;0,548490128;0,346689895;0,331300813;0,15265873;0,13952381;0,037956349;0,372338366;0,340301974;0,092576461;0,228547619;0,153892857;0,091329365;0,557433217;0,375348432;0,222754549
0,287281746;0,114246032;0,098392857;0,700687185;0,278648858;0,239982578;0,232380952;0,17531746;0,082380952;0,566782811;0,427603562;0,200929152;0,211210317;0,096805556;0,085218254;0,515147115;0,236111112;0,2078494;0,173115079;0,213730159;0,138353175;0,422231901;0,52129307;0,337446767;0,187579365;0,066448413;0,054206349;0,457510647;0,162069299;0,132210608;0,218313492;0,133309524;0,091710317;0,532471932;0,32514518;0,223683701
0,312738095;0,130555556;0,106011905;0,762775842;0,318428184;0,258565621;0,244087302;0,167539683;0,080119048;0,595334882;0,408633372;0,195412311;0,188551587;0,097202381;0,087996032;0,45988192;0,237078978;0,214624468;0,15640873;0,121369048;0,137123016;0,381484708;0,296022067;0,33444638;0,194781746;0,073968254;0,037539683;0,475077429;0,180410376;0,091560201;0,219313492;0,118126984;0,089757937;0,534910956;0,288114595;0,218921796
0,215714286;0,175833333;0,089444444;0,526132404;0,428861789;0,218157182;0,224742063;0,150615079;0,076428571;0,548151374;0,367353852;0,18641115;0,169007937;0,119027778;0,086904762;0,41221448;0,290311654;0,211962834;0,157103175;0,10906746;0,128174603;0,383178475;0,266018196;0,312620983;0,168690476;0,093353175;0,029980159;0,411440186;0,22769067;0,073122338;0,187051587;0,129579365;0,082186508;0,456223384;0,316047232;0,200454897
0,321150794;0,104821429;0,106269841;0,783294619;0,255662021;0,259194735;0,286369048;0,224583333;0,070119048;0,698461092;0,547764228;0,171022067;0,183293651;0,148174603;0,081130952;0,447057685;0,361401471;0,197880371;0,237242063;0,139484127;0,134027778;0,578639179;0,340205188;0,326897019;0,187916667;0,092043651;0,027638889;0,458333333;0,224496709;0,067411924;0,243194444;0,141821429;0,083837302;0,593157182;0,345905923;0,204481223
0,275972222;0,19390873;0,089563492;0,673102981;0,472948122;0,218447542;0,259285714;0,201507937;0,085892857;0,632404181;0,491482772;0,209494774;0,152222222;0,120654762;0,076011905;0,371273712;0,294279907;0,18539489;0,143730159;0,150099206;0,136587302;0,350561363;0,366095625;0,33313976;0,163214286;0,154543651;0,028710317;0,398083624;0,376935734;0,070025165;0,198884921;0,164142857;0,083353175;0,485085172;0,400348432;0,203300426
0,288531746;0,174861111;0,085456349;0,703735966;0,426490515;0,20843012;0,256805556;0,148789683;0,088769841;0,626355014;0,362901665;0,216511808;0,193511905;0,135595238;0,079761905;0,471980256;0,330720093;0,194541232;0,208650794;0,07015873;0,138730159;0,508904375;0,171118854;0,338366241;0,164305556;0,145515873;0,038115079;0,400745257;0,354916763;0,092963608;0,222361111;0,134984127;0,086166667;0,542344174;0,329229578;0,210162602
0,333333333;0,161527778;0,101924603;0,81300813;0,39397019;0,248596593;0,218492063;0,177619048;0,085496032;0,532907472;0,433217189;0,208526907;0,144722222;0,129742063;0,081527778;0,352981029;0,316444056;0,198848239;0,174900794;0,123174603;0,141190476;0,426587302;0,300425861;0,344367015;0,159940476;0,186011905;0,039484127;0,390098722;0,453687573;0,096302749;0,206277778;0,155615079;0,089924603;0,503116531;0,379548974;0,219328301
0,290456349;0,136865079;0,092420635;0,70843012;0,333817267;0,225416183;0,262480159;0,165436508;0,079444444;0,640195509;0,403503678;0,193766938;0,190357143;0,166031746;0,09218254;0,464285715;0,404955478;0,224835463;0,260555556;0,118789683;0,133154762;0,635501355;0,289730933;0,324767712;0,13797619;0,086706349;0,027579365;0,336527294;0,211478901;0,067266744;0,228365079;0,134765873;0,084956349;0,556987999;0,328697251;0,207210608
0,293670635;0,230357143;0,115138889;0,716269841;0,56184669;0,280826558;0,274484127;0,269186508;0,088154762;0,66947348;0,656552458;0,215011614;0,178253968;0,130892857;0,084980159;0,434765776;0,319250871;0,20726868;0,192420635;0,088551587;0,138670635;0,469318622;0,215979481;0,338221061;0,189206349;0,175456349;0,058115079;0,461478901;0,427942315;0,141744096;0,225607143;0,178888889;0,097011905;0,550261324;0,436314363;0,236614402
0,259861111;0,146031746;0,115238095;0,633807588;0,35617499;0,281068525;0,270337302;0,213313492;0,085019841;0,659359272;0,52027681;0,207365467;0,155059524;0,141230159;0,078174603;0,378193961;0,344463802;0,190669763;0,239424603;0,121607143;0,130039683;0,583962447;0,296602787;0,317169957;0,148650794;0,161964286;0,038075397;0,362562911;0,395034843;0,092866822;0,214666667;0,156829365;0,089309524;0,523577236;0,382510647;0,217828107
0,218035714;0,146785714;0,100694444;0,531794425;0,358013937;0,245596206;0,243809524;0,177202381;0,068809524;0,594657375;0,432200929;0,167828107;0,133730159;0,146170635;0,097301587;0,32617112;0,356513744;0,237320944;0,155456349;0,152043651;0,13297619;0,379161827;0,370838173;0,324332172;0,191468254;0,15484127;0,03702381;0,466995741;0,377661634;0,090301974;0,1885;0,15540873;0,087361111;0,459756098;0,379045683;0,213075881
0,272261905;0,179503968;0,091289683;0,664053426;0,437814557;0,222657762;0,245952381;0,216448413;0,070238095;0,599883856;0,527922958;0,171312427;0,140634921;0,092638889;0,086230159;0,343012002;0,22594851;0,210317461;0,169583333;0,170277778;0,138690476;0,413617886;0,415311653;0,338269454;0,120714286;0,0775;0,02859127;0,294425087;0,18902439;0,069734804;0,189829365;0,14727381;0,083007937;0,462998452;0,359204414;0,202458382
0,266527778;0,172142857;0,116111111;0,650067751;0,419860627;0,283197832;0,259801587;0,186904762;0,076468254;0,633662408;0,455865273;0,186507937;0,15109127;0,102956349;0,072579365;0,368515293;0,251113046;0,177022841;0,260753968;0,167936508;0,138095238;0,635985288;0,409601239;0,336817654;0,156071429;0,095634921;0,0375;0,380662021;0,233255904;0,091463415;0,218849206;0,145115079;0,088150794;0,533778552;0,353939218;0,215001936
0,275714286;0,182599206;0,117996032;0,672473868;0,445363918;0,287795199;0,254107143;0,245793651;0,078948413;0,619773519;0,599496709;0,192557104;0,214781746;0,202539683;0,08140873;0,523857917;0,493999227;0,198557878;0,237440476;0,149464286;0,132003968;0,579123113;0,364547038;0,321960898;0,218809524;0,068333333;0,048710317;0,533681765;0,166666667;0,118805652;0,240170635;0,169746032;0,091813492;0,585782036;0,414014712;0,223935346
0,341071429;0,206130952;0,06468254;0,831881533;0,50275842;0,157762292;0,21234127;0,310634921;0,072123016;0,517905536;0,757646148;0,175909795;0,143412698;0,168154762;0,071289683;0,349787068;0,410133566;0,173877276;0,166904762;0,123253968;0,129484127;0,407084785;0,300619435;0,315814944;0,166507937;0,104424603;0,02890873;0,406116918;0,254694154;0,070509098;0,206047619;0,182519841;0,073297619;0,502555168;0,445170345;0,178774681
0,246111111;0,182420635;0,099285714;0,600271003;0,444928378;0,242160279;0,200615079;0,144821429;0,077519841;0,489305072;0,353222997;0,189072784;0,219821429;0,146924603;0,083690476;0,536149827;0,35835269;0,204123112;0,162698413;0,130813492;0,133630952;0,396825397;0,319057298;0,325929152;0,168809524;0,078869048;0,048730159;0,411730546;0,192363531;0,118854046;0,199611111;0,136769841;0,088571429;0,486856369;0,333584979;0,216027874
0,274662698;0,197638889;0,109166667;0,669909021;0,48204607;0,266260163;0,185099206;0,164007937;0,080099206;0,451461479;0,400019357;0,195363918;0,17140873;0,115853175;0,093888889;0,418070073;0,28256872;0,22899729;0,17890873;0,159543651;0,133035714;0,436362756;0,389130856;0,324477352;0,145912698;0,112678571;0,028988095;0,35588463;0,274825784;0,070702671;0,191198413;0,149944445;0,089035714;0,466337592;0,365718157;0,217160279
0,319246032;0,14234127;0,091468254;0,778648858;0,347173829;0,223093302;0,224007937;0,250694444;0,075238095;0,546360821;0,611449864;0,183507549;0,167559524;0,120099206;0,091388889;0,408681766;0,292924893;0,222899729;0,232261905;0,142738095;0,130714286;0,566492451;0,348141696;0,318815331;0,200198413;0,131011905;0,026071429;0,488288811;0,319541231;0,06358885;0,228654762;0,157376984;0,08297619;0,557694541;0,383846303;0,202380952
0,280515873;0,182123016;0,094801587;0,684185056;0,444202478;0,231223384;0,239166667;0,205634921;0,092678571;0,583333333;0,501548587;0,226045296;0,170912698;0,099246032;0,080178571;0,416860239;0,242063493;0,19555749;0,19172619;0,120496032;0,133690476;0,467624855;0,29389276;0,326074332;0,201289683;0,131904762;0,026130952;0,490950445;0,321718931;0,06373403;0,216722222;0,147880952;0,085496032;0,528590786;0,36068525;0,208526906
0,329345238;0,05047619;0,11452381;0,803281069;0,12311266;0,279326365;0,268769841;0,231805556;0,077400794;0,655536198;0,565379404;0,188782424;0,257480159;0,100257937;0,08702381;0,628000388;0,244531554;0,212253195;0,19781746;0,078373016;0,140714286;0,482481611;0,191153697;0,343205575;0,141051587;0,08265873;0,037579365;0,344028262;0,201606659;0,091656988;0,238892857;0,108714286;0,091448413;0,582665505;0,265156795;0,223044909
0,311111111;0,122579365;0,104900794;0,758807588;0,298974061;0,255855594;0,241805556;0,331527778;0,076984127;0,589769648;0,808604336;0,187766163;0,134642857;0,144583333;0,080595238;0,328397212;0,352642276;0,196573751;0,197698413;0,145257937;0,132519841;0,48219125;0,35428765;0,323219125;0,171369048;0,147400794;0,047162698;0,417973287;0,359514131;0,115030972;0,211325397;0,178269841;0,08843254;0,515427797;0,434804491;0,215689121
0,280218254;0,126230159;0,10702381;0,683459156;0,307878436;0,261033682;0,271210317;0,183809524;0,084484127;0,661488579;0,448315912;0,206058846;0,146825397;0,12202381;0,079107143;0,358110724;0,297619049;0,192944251;0,172063492;0,128650794;0,139920635;0,419667054;0,313782424;0,341269841;0,1125;0,11202381;0,027480159;0,274390244;0,273228804;0,067024777;0,196563492;0,134547619;0,087603175;0,479423151;0,328164925;0,21366628
0,330873016;0,163829365;0,111984127;0,807007356;0,399583817;0,273132017;0,309246032;0,125496032;0,091329365;0,754258614;0,306087882;0,222754549;0,19922619;0,130912698;0,096547619;0,485917537;0,319299263;0,235481998;0,218928571;0,145436508;0,138313492;0,533972125;0,35472319;0,337349981;0,143769841;0,140456349;0,028690476;0,350658149;0,342576461;0,069976771;0,24040873;0,14122619;0,093373016;0,586362756;0,344454123;0,227739063
0,204325397;0,075694444;0,08422619;0,498354626;0,184620596;0,205429733;0,216904762;0,187103175;0,081170635;0,529036005;0,456349206;0,197977158;0,177321429;0,133055556;0,078869048;0,43249129;0,324525746;0,192363532;0,124861111;0,122857143;0,129186508;0,304539295;0,299651568;0,315089044;0,135456349;0,095714286;0,030178571;0,33038134;0,233449477;0,073606272;0,17177381;0,122884921;0,080726191;0,418960511;0,299719319;0,196893148
0,373293651;0,217638889;0,101646825;0,910472319;0,530826558;0,247919086;0,263293651;0,264623016;0,081448413;0,642179636;0,64542199;0,198654665;0,204345238;0,185654762;0,084920635;0,49840302;0,452816493;0,2071235;0,276785714;0,143353175;0,136369048;0,675087108;0,349641889;0,332607433;0,30468254;0,144880952;0,047440476;0,743128146;0,353368177;0,115708479;0,284480159;0,191230159;0,090365079;0,693854046;0,466415021;0,220402633
0,316369048;0,182361111;0,095039683;0,771631823;0,444783198;0,231804104;0,25;0,196746032;0,064821429;0,609756098;0,47986837;0,158101045;0,146527778;0,183511905;0,078214286;0,357384824;0,447590012;0,190766551;0,197876984;0,102380952;0,13875;0,482626791;0,24970964;0,338414634;0,248849206;0,152083333;0,028730159;0,606949284;0,370934959;0,070073558;0,231924603;0,163416667;0,081111111;0,565669764;0,398577236;0,197831978
0,270753968;0,169980159;0,116468254;0,660375532;0,414585753;0,284068912;0,225952381;0,233829365;0,070357143;0,551103368;0,570315525;0,171602787;0,184503968;0,10359127;0,06672619;0,450009678;0,252661634;0,162746805;0,183293651;0,118333333;0,139404762;0,447057685;0,288617886;0,340011614;0,153055556;0,136329365;0,029126984;0,373306233;0,332510647;0,071041425;0,203511905;0,152412698;0,084416667;0,496370499;0,371738289;0,205894309
0,316349206;0,242301587;0,123234127;0,77158343;0,590979481;0,300571041;0,232440476;0,166031746;0,079325397;0,566927991;0,404955478;0,193476578;0,185714286;0,161765873;0,087936508;0,452961673;0,39455091;0,214479288;0,131865079;0,082003968;0,135496032;0,321622145;0,200009679;0,330478126;0,163988095;0,118134921;0,03015873;0,399970964;0,288133953;0,073557878;0,206071429;0,154047619;0,091230159;0,502613241;0,3757259;0,222512582
0,261765873;0,233789683;0,097261905;0,638453349;0,570218738;0,237224158;0,256349206;0,178690476;0,088948413;0,625241967;0,43583043;0,216947348;0,127400794;0,12734127;0,077162698;0,310733644;0,310588463;0,188201702;0,154821429;0,146468254;0,138373016;0,37761324;0,357239644;0,337495161;0,140198413;0,084960317;0,035654762;0,341947348;0,207220286;0,086962834;0,188107143;0,15425;0,087480159;0,45879791;0,376219512;0,213366241
0,295753968;0,165238095;0,103194444;0,721351142;0,403019744;0,251693767;0,248611111;0,153809524;0,100019841;0,606368564;0,37514518;0,243950832;0,219543651;0,171825397;0,087281746;0,53547232;0,419086334;0,212882307;0,189821429;0,104821429;0,13234127;0,462979094;0,255662021;0,322783585;0,103789683;0,167519841;0,027559524;0,253145567;0,408584979;0,067218351;0,211503968;0,152642857;0,090079365;0,515863337;0,372299652;0,219705768
0,283154762;0,214742063;0,125337302;0,69062137;0,52376113;0,305700736;0,231230159;0,172738095;0,076190476;0,563975997;0,421312427;0,18583043;0,156071429;0,147539683;0,082579365;0,380662022;0,359852885;0,201413085;0,175456349;0,116011905;0,137003968;0,427942315;0,282955865;0,33415602;0,21297619;0,103968254;0,045654762;0,519454123;0,253581107;0,111353078;0,211777778;0,151;0,093353175;0,516531166;0,368292683;0,22769067
0,264821429;0,099603175;0,109583333;0,645905923;0,242934572;0,267276423;0,214722222;0,201190476;0,085376984;0,523712737;0,490708479;0,208236547;0,215376984;0,145;0,091924603;0,525309717;0,353658537;0,224206349;0,157956349;0,111706349;0,138253968;0,385259388;0,27245451;0,337204801;0,173472222;0,085734127;0,027142857;0,423102981;0,209107627;0,066202091;0,205269841;0,128646825;0,090456349;0,500658149;0,313772745;0,220625242
0,259325397;0,096071429;0,116011905;0,632500968;0,234320557;0,282955865;0,235892857;0,236011905;0,085496032;0,575348432;0,575638792;0,208526907;0,184047619;0,160138889;0,093134921;0,448896632;0,390582656;0,227158344;0,150119048;0,129166667;0,130615079;0,366144019;0,31504065;0,318573364;0,200734127;0,091765873;0,037519841;0,489595432;0,223819202;0,091511808;0,20602381;0,142630952;0,092555556;0,502497096;0,347880372;0,225745258
0,236686508;0,168928571;0,101230159;0,577284166;0,412020906;0,246902826;0,23406746;0,175873016;0,071329365;0,570896245;0,428958575;0,173974061;0,179047619;0,118412698;0,083809524;0,43670151;0,288811459;0,204413473;0,198333333;0,112261905;0,137480159;0,483739837;0,273809524;0,33531746;0,2075;0,144027778;0,050376984;0,506097561;0,351287263;0,122870693;0,211126984;0,143900794;0,088845238;0,514943864;0,350977545;0,216695703
0,334821429;0,196884921;0,118134921;0,816637631;0,480207123;0,288133953;0,227480159;0,202757937;0,088551587;0,554829655;0,494531552;0,215979481;0,208293651;0,17156746;0,083035714;0,508033295;0,41845722;0,202526132;0,184801587;0,047321429;0,133650794;0,450735579;0,115418118;0,325977545;0,20609127;0,194861111;0,038611111;0,502661634;0,475271003;0,094173442;0,232297619;0,162678571;0,092396825;0,566579559;0,396777003;0,225358111
0,32577381;0,211686508;0,104107143;0,794570267;0,516308556;0,253919861;0,251230159;0,220277778;0,089781746;0,612756485;0,537262873;0,218979868;0,204722222;0,111071429;0,083452381;0,499322493;0,270905924;0,203542393;0,178551587;0,103511905;0,14234127;0,435491676;0,25246806;0,347173829;0,111031746;0,111765873;0,047281746;0,270809137;0,27259969;0,115321332;0,214261905;0,151662698;0,093392857;0,522590012;0,369909021;0,227787456
0,214384921;0,146011905;0,085376984;0,52289005;0,356126597;0,208236547;0,239861111;0,219503968;0,077063492;0,5850271;0,535375532;0,187959737;0,181865079;0,144861111;0,077440476;0,443573363;0,353319783;0,18887921;0,230059524;0,097261905;0,139742063;0,56112079;0,237224158;0,340834301;0,152599206;0,090436508;0,027857143;0,372193186;0,220576849;0,067944251;0,203753968;0,139615079;0,081496032;0,496960898;0,340524584;0,198770809
0,231111111;0,13547619;0,11702381;0,563685637;0,330429733;0,285423926;0,312420635;0,227281746;0,083968254;0,762001549;0,554345722;0,204800619;0,113531746;0,143511905;0,085714286;0,276906698;0,350029037;0,209059234;0,167380952;0,110694444;0,13577381;0,408246225;0,26998645;0,331155633;0,16734127;0,101448413;0,028373016;0,408149439;0,247435153;0,069202478;0,198357143;0,14368254;0,090170635;0,483797909;0,350445219;0,219928378
0,301289683;0,181111111;0,121865079;0,734852884;0,441734417;0,297231901;0,235376984;0,192043651;0,080218254;0,574090205;0,468399148;0,195654278;0,159027778;0,104623016;0,088968254;0,387872629;0,255178088;0,216995741;0,212103175;0,144206349;0,13672619;0,517324816;0,351722803;0,333478513;0,117876984;0,166388889;0,026031746;0,287504839;0,405826558;0,063492063;0,205134921;0,157674603;0,090761905;0,500329075;0,384572203;0,221370499
0,295992063;0,188988095;0,082539683;0,721931862;0,460946574;0,201316299;0,283214286;0,174404762;0,075892857;0,690766551;0,425377468;0,18510453;0,155793651;0,150039683;0,073888889;0,379984515;0,365950446;0,180216802;0,179940476;0,140376984;0,132757937;0,43887921;0,342382888;0,323799845;0,222440476;0,056765873;0,029365079;0,542537747;0,138453349;0,071622145;0,227476191;0,142115079;0,078888889;0,554819977;0,346622145;0,192411924
0,274186508;0,24984127;0,082321429;0,66874758;0,609368951;0,200783972;0,337202381;0,23906746;0,079662698;0,822444832;0,583091367;0,194299264;0,219146825;0,06984127;0,082301587;0,534504451;0,170344561;0,200735578;0,25327381;0,151230159;0,127599206;0,617740999;0,368854046;0,311217576;0,253769841;0,122956349;0,042777778;0,618950832;0,299893535;0,104336043;0,267515873;0,166587302;0,08293254;0,652477739;0,406310492;0,202274487
0,316785714;0,201706349;0,112876984;0,772648084;0,491966705;0,275309717;0,259623016;0,237162698;0,072996032;0,633226868;0,578445606;0,178039102;0,180337302;0,162599206;0,068888889;0,439847078;0,396583429;0,16802168;0,224821429;0,131964286;0,132876984;0,548344948;0,321864111;0,324090205;0,18422619;0,136825397;0,037777778;0,449332172;0,33372048;0,092140921;0,23315873;0,174051587;0,085083333;0,56867983;0,424516066;0,207520325
0,378571429;0,229384921;0,089503968;0,923344948;0,559475416;0,218302362;0,251785714;0,14047619;0,077063492;0,614111498;0,342624855;0,187959737;0,19968254;0,126884921;0,0875;0,487030585;0,309475417;0,213414634;0,163769841;0,106071429;0,135198413;0,399438637;0,258710801;0,329752226;0,163611111;0,143412698;0,028055556;0,399051491;0,349787069;0,068428184;0,231484127;0,149246032;0,083464286;0,564595432;0,364014712;0,203571429
0,252797619;0,175813492;0,122043651;0,616579559;0,428813395;0,297667441;0,24281746;0,135654762;0,073710317;0,592237708;0,330865273;0,179781262;0,199384921;0,125615079;0,077440476;0,486304685;0,306378241;0,18887921;0,186626984;0,204821429;0,136884921;0,455187766;0,49956446;0,33386566;0,181746032;0,12077381;0,029702381;0,443283004;0,294570267;0,072444832;0,212674603;0,152535714;0,087956349;0,518718545;0,372038327;0,214527681
0,239047619;0,237579365;0,094365079;0,583042973;0,579461866;0,23015873;0,221944444;0,188452381;0,07547619;0,541327913;0,459639954;0,184088269;0,096527778;0,190734127;0,093253968;0,235433605;0,465205188;0,227448702;0,255119048;0,147579365;0,131230159;0,62224158;0,359949671;0,320073558;0,144702381;0,075436508;0,037996032;0,352932636;0,183991483;0,092673248;0,191468254;0,167956349;0,086464286;0,466995741;0,409649632;0,210888502
0,310396825;0,256924603;0,090099206;0,757065428;0,626645374;0,219754162;0,29984127;0,162738095;0,078511905;0,73132017;0,396922184;0,191492451;0,16125;0,12906746;0,079444444;0,393292683;0,314798683;0,193766937;0,198531746;0,147063492;0,135079365;0,484223771;0,358691444;0,329461866;0,156190476;0,111825397;0,02656746;0,380952381;0,27274487;0,064798684;0,225242063;0,161523809;0,081940476;0,549370887;0,393960511;0,19985482
0,297837302;0,193690476;0,094583333;0,726432443;0,472415796;0,230691057;0,293630952;0,218134921;0,07640873;0,716173055;0,532036392;0,186362756;0,2425;0,136111111;0,072857143;0,591463415;0,33197832;0,177700349;0,207460317;0,135654762;0,136865079;0,506000774;0,330865273;0,333817267;0,25093254;0,233630952;0,03875;0,612030585;0,569831591;0,094512195;0,258472222;0,183444444;0,083892857;0,630420054;0,447425474;0,204616725
0,263134921;0,180992063;0,085833333;0,641792489;0,441444057;0,209349593;0,244107143;0,155753968;0,068154762;0,595383275;0,379887727;0,166231127;0,174146825;0,200198413;0,085833333;0,424748354;0,488288812;0,209349593;0,21781746;0,128869048;0,135694444;0,531262098;0,31431475;0,33096206;0,210892857;0,080099206;0,027619048;0,514372822;0,195363918;0,067363531;0,222019841;0,14918254;0,080626984;0,541511808;0,363859853;0,196651181
0,268095238;0,076369048;0,105793651;0,653890825;0,18626597;0,258033295;0,255515873;0,13015873;0,075833333;0,623209446;0,317460317;0,18495935;0,20265873;0,120337302;0,081666667;0,494289585;0,293505615;0,199186993;0,202420635;0,15265873;0,135694444;0,493708866;0,372338366;0,33096206;0,172797619;0,151845238;0,036924603;0,421457607;0,370354239;0,090060008;0,220297619;0,12627381;0,08718254;0,537311266;0,307984901;0,212640341
0,197936508;0,209821429;0,120059524;0,482771971;0,511759582;0,292828107;0,224563492;0,163710317;0,094543651;0,547715834;0,399293457;0,23059427;0,11640873;0,093472222;0,082916667;0,283923732;0,227981029;0,202235773;0,195892857;0,14656746;0,13468254;0,477787456;0,357481611;0,328493999;0,11843254;0,113948413;0,032579365;0,288859853;0,277922958;0,079461866;0,170646825;0,145503968;0,092956349;0,416211769;0,354887727;0,226722803
0,303769841;0,15640873;0,095714286;0,740902052;0,381484708;0,233449477;0,241190476;0,160734127;0,077361111;0,588269454;0,392034456;0,188685637;0,157797619;0,155019841;0,071051587;0,384872241;0,378097173;0,173296554;0,22468254;0,090059524;0,131984127;0,548006194;0,219657375;0,321912505;0,145198413;0,099345238;0,027281746;0,35414247;0,242305459;0,066540844;0,214527778;0,132313492;0,080678571;0,523238482;0,322715834;0,196777003
0,313670635;0,207599206;0,09093254;0,765050329;0,506339528;0,221786682;0,237599206;0,169285714;0,07390873;0,579510259;0,412891986;0,180265196;0,183472222;0,128035714;0,090555556;0,447493224;0,312282229;0,22086721;0,167698413;0,118531746;0,140912698;0,409020519;0,28910182;0,343689508;0,224126984;0,103968254;0,045099206;0,546651181;0,253581107;0,109998064;0,225313492;0,145484127;0,088281746;0,549545102;0,354839334;0,215321332
0,321984127;0,145853175;0,092003968;0,785327139;0,35573945;0,224399923;0,237162698;0,212896825;0,084702381;0,578445606;0,51926055;0,206591173;0,165615079;0,15281746;0,083630952;0,403939217;0,372725512;0,203977932;0,141448413;0,15375;0,135357143;0,344996129;0,375;0,330139373;0,193710317;0,116547619;0,028313492;0,472464189;0,284262485;0,069057298;0,211984127;0,156373016;0,084801587;0,517034456;0,3813976;0,20683314
0,245238095;0,229761905;0,085753968;0,598141696;0,56039489;0,20915602;0,273670635;0,210694444;0,076646825;0,667489353;0,513888889;0,186943477;0,201150794;0,159742063;0,081448413;0,490611693;0,389614788;0,198654666;0,150277778;0,111269841;0,131507937;0,366531165;0,271389857;0,320751065;0,185238095;0,066964286;0,028313492;0,451800232;0,163327526;0,069057298;0,211115079;0,155686508;0,080734127;0,514914828;0,37972319;0,196912505
0,344246032;0,155992063;0,11390873;0,839624468;0,380468448;0,277826171;0,229087302;0,17515873;0,074464286;0,558749516;0,427216415;0,181620209;0,180813492;0,137321429;0,086507937;0,441008517;0,334930315;0,210994968;0,140813492;0,113115079;0,133214286;0,343447542;0,275890437;0,324912892;0,187162698;0,067281746;0,037738095;0,456494386;0,16410182;0,092044135;0,216424603;0,12977381;0,089166667;0,527864886;0,316521487;0,217479675
0,32640873;0,10656746;0,121746032;0,796118854;0,259920635;0,296941541;0,225218254;0,143988095;0,087202381;0,549312815;0,351190476;0,212688734;0,155496032;0,092440476;0,072797619;0,379258615;0,225464576;0,177555168;0,186210317;0,126924603;0,136210317;0,454171506;0,309572203;0,332220286;0,138988095;0,14109127;0,02797619;0,338995354;0,344125048;0,068234611;0,206464286;0,122202381;0,089186508;0,503571429;0,298054588;0,217528068
0,306904762;0,073234127;0,100277778;0,7485482;0,178619822;0,244579946;0,221785714;0,215575397;0,075892857;0,540940767;0,525793651;0,18510453;0,143134921;0,093869048;0,074464286;0,349109563;0,228948898;0,18162021;0,235119048;0,129484127;0,132460317;0,573461092;0,315814944;0,323073945;0,220654762;0,11952381;0,028571429;0,538182346;0,291521487;0,069686411;0,225519841;0,126337302;0,082333333;0,550048394;0,30813976;0,200813008
0,327440476;0,104285714;0,109503968;0,798635308;0,254355401;0,267082849;0,251527778;0,192638889;0,073412698;0,613482385;0,469850949;0,179055362;0,175496032;0,163472222;0,08609127;0,428039102;0,398712737;0,209978707;0,159384921;0,141210317;0,133789683;0,388743709;0,344415408;0,326316299;0,164107143;0,154265873;0,029285714;0,400261324;0,376258227;0,071428571;0,21559127;0,151174603;0,086416667;0,525832366;0,368718544;0,210772358
0,282202381;0,155654762;0,097876984;0,68829849;0,379645761;0,238724352;0,243095238;0,112142857;0,086666667;0,592915215;0,273519164;0,211382114;0,143234127;0,144305556;0,092440476;0,349351529;0,351964771;0,225464576;0,210496032;0,132063492;0,132281746;0,513404955;0,322106078;0,322638405;0,122837302;0,125833333;0,029821429;0,299603175;0,306910569;0,072735192;0,200373016;0,134;0,08781746;0,488714673;0,326829269;0,214188928
0,273194444;0,128095238;0,094265873;0,666327913;0,31242741;0,229916763;0,239265873;0,160099206;0,086805556;0,5835753;0,390485869;0,211720867;0,164365079;0,166170635;0,084285714;0,400890437;0,405294232;0,205574912;0,199900794;0,135337302;0,1375;0,487562911;0,330090979;0,335365854;0,129464286;0,164543651;0,037797619;0,315766551;0,401325978;0,092189315;0,201238095;0,150849206;0,088130952;0,490824622;0,367924894;0,214953542
0,313392857;0,191507937;0,113392857;0,764372822;0,467092528;0,276567944;0,211884921;0,168214286;0,081746032;0,516792489;0,410278746;0,199380565;0,13515873;0,088055556;0,087361111;0,329655439;0,214769649;0,21307588;0,200575397;0,11827381;0,137857143;0,489208285;0,288472706;0,336236934;0,148492063;0,130595238;0,039365079;0,362175765;0,318524971;0,096012389;0,201900794;0,139329365;0,091944444;0,49244096;0,33982772;0,224254742
0,330873016;0,291011905;0,122936508;0,807007356;0,709785134;0,299845141;0,240019841;0,123670635;0,071547619;0,585414247;0,301635695;0,174506388;0,189563492;0,105813492;0,100753968;0,46234998;0,258081688;0,245741385;0,250515873;0,103174603;0,133214286;0,611014324;0,251645374;0,324912892;0,159722222;0,094146825;0,049444444;0,389566396;0,229626403;0,120596206;0,234138889;0,143563492;0,095579365;0,571070461;0,350154859;0,233120403
0,213888889;0,190396825;0,103869048;0,521680217;0,464382501;0,253339141;0,229464286;0,192063492;0,081051587;0,55966899;0,468447542;0,197686798;0,182420635;0,13734127;0,078035714;0,444928378;0,334978707;0,19033101;0,196884921;0,146686508;0,140198413;0,480207123;0,357771971;0,341947348;0,169960317;0,113392857;0,028650794;0,41453736;0,276567944;0,069879985;0,19852381;0,155976191;0,086361111;0,484204414;0,380429733;0,210636856
0,248412698;0,113809524;0,127043651;0,60588463;0,277584204;0,309862563;0,264980159;0,141746032;0,07281746;0,64629307;0,345722029;0,177603562;0,193769841;0,168214286;0,093333333;0,472609368;0,410278746;0,227642276;0,20672619;0,12515873;0,133888889;0,504210221;0,305265196;0,326558266;0,208353175;0,120674603;0,030813492;0,508178475;0,2943283;0,075154859;0,224448413;0,133920635;0,091579365;0,547435153;0,326635695;0,223364305
0,25702381;0,175813492;0,114920635;0,62688734;0,428813395;0,280294232;0,262202381;0,168690476;0,081309524;0,639518002;0,411440186;0,198315912;0,194742063;0,132202381;0,07968254;0,474980641;0,322444832;0,194347659;0,181507937;0,105019841;0,138134921;0,442702284;0,256145954;0,336914441;0,187281746;0,122440476;0,030039683;0,456784746;0,298635308;0,073267518;0,216551587;0,140833333;0,08881746;0,528174603;0,343495935;0,216627952
0,280575397;0,235396825;0,10047619;0,684330236;0,574138599;0,245063879;0,219980159;0,212480159;0,082738095;0,536536973;0,51824429;0,201800232;0,129107143;0,159047619;0,076269841;0,314895471;0,387921022;0,186024002;0,224186508;0,127996032;0,135595238;0,546796361;0,312185443;0,330720093;0,1825;0,108650794;0,036150794;0,445121951;0,265001936;0,088172667;0,207269841;0,168714286;0,086246032;0,505536198;0,411498258;0,210356175
0,263888889;0,141289683;0,121031746;0,643631436;0,344608982;0,295199381;0,197599206;0,243551587;0,090634921;0,481949284;0,594028262;0,221060782;0,188531746;0,093194444;0,076884921;0,459833527;0,227303522;0,187524198;0,234662698;0,140674603;0,137916667;0,572348045;0,343108788;0,336382114;0,131706349;0,098353175;0,037242063;0,321234998;0,239885792;0,090834301;0,203277778;0,143412698;0,092742064;0,495799458;0,349787069;0,226200155
0,262896825;0,172718254;0,085019841;0,641211769;0,421264034;0,207365467;0,219305556;0,124702381;0,072777778;0,534891599;0,304152149;0,177506775;0,104543651;0,13718254;0,086944444;0,254984515;0,334591561;0,21205962;0,173869048;0,107103175;0,134623016;0,424070848;0,261227255;0,328348819;0,126904762;0,129781746;0,02718254;0,30952381;0,316540844;0,066298877;0,177503968;0,134297619;0,081309524;0,432936508;0,327555169;0,198315912
0,223154762;0,252420635;0,097916667;0,544279907;0,615660085;0,238821138;0,242083333;0,153313492;0,087539683;0,590447154;0,373935346;0,213511421;0,198333333;0,115178571;0,079940476;0,483739837;0,280923344;0,194976771;0,207460317;0,132242063;0,135515873;0,506000774;0,322541618;0,33052652;0,186329365;0,110634921;0,03593254;0,454461866;0,26984127;0,087640341;0,211472222;0,152757936;0,087369048;0,515785908;0,372580333;0,213095238
0,360238095;0,187559524;0,111507937;0,878629501;0,457462253;0,271970577;0,29077381;0,17109127;0,081150794;0,709204413;0,41729578;0,197928765;0,210019841;0,107619048;0,093015873;0,512243515;0,262485483;0,226867983;0,243511905;0,12781746;0,132837302;0,593931475;0,311749903;0,323993419;0,284186508;0,114642857;0,036865079;0,693137824;0,279616725;0,089914828;0,277746032;0,141746032;0,091075397;0,677429346;0,345722029;0,222135114
0,227876984;0,128690476;0,082718254;0,555797522;0,31387921;0,201751839;0,239642857;0,191111111;0,084087302;0,584494774;0,466124661;0,205090979;0,1575;0,134603175;0,068789683;0,384146341;0,328300427;0,167779715;0,185396825;0,161607143;0,130059524;0,452187379;0,394163763;0,317218351;0,169702381;0,105198413;0,038035714;0,413908246;0,256581494;0,092770035;0,19602381;0,144242064;0,080738095;0,478106852;0,351809911;0,196922184
0,316111111;0,164206349;0,117777778;0,77100271;0,400503291;0,287262873;0,234761905;0,161190476;0,07202381;0,572590012;0,393147503;0,175667828;0,183293651;0,113015873;0,089821429;0,447057685;0,275648471;0,219076656;0,195535714;0,129801587;0,138809524;0,476916376;0,316589237;0,338559814;0,12484127;0,131507937;0,036984127;0,304490902;0,320751065;0,090205188;0,21090873;0,139944444;0,091083333;0,514411537;0,341327913;0,222154472
0,253293651;0,112400794;0,108968254;0,617789392;0,274148277;0,265776229;0,270714286;0,149107143;0,071706349;0,660278746;0,363675958;0,174893535;0,113472222;0,133373016;0,07359127;0,276761517;0,325300039;0,179490902;0,209484127;0,091309524;0,13593254;0,510936895;0,222706156;0,33154278;0,158988095;0,089543651;0,036468254;0,387775842;0,218399148;0,088946961;0,201190476;0,115146825;0,085333333;0,490708478;0,280845916;0,208130081
0,32343254;0,093234127;0,095972222;0,788859853;0,22740031;0,234078591;0,28515873;0,20781746;0,077857143;0,695509098;0,506871854;0,18989547;0,285972222;0,140456349;0,081309524;0,697493224;0,342576461;0,198315912;0,255416667;0,135079365;0,12797619;0,62296748;0,329461866;0,31213705;0,278710317;0,139146825;0,036746032;0,679781262;0,339382501;0,089624468;0,285738095;0,143146825;0,083972222;0,696922183;0,349138598;0,204810298
0,220753968;0,061765873;0,0975;0,538424313;0,150648471;0,237804878;0,223968254;0,16093254;0,07484127;0,546264034;0,392518389;0,182539683;0,19625;0,192380952;0,081964286;0,478658537;0,469221834;0,199912893;0,15984127;0,150833333;0,140873016;0,389856756;0,367886179;0,343592722;0,182857143;0,122301587;0,027916667;0,445993031;0,298296554;0,068089431;0,196734127;0,137642857;0,084619048;0,479839334;0,335714286;0,206387921
0,336666667;0,110813492;0,12125;0,821138211;0,27027681;0,295731707;0,269543651;0,158035714;0,06781746;0,657423539;0,385452962;0,16540844;0,221904762;0,099146825;0,075515873;0,541231127;0,241821524;0,184185056;0,222103175;0,118611111;0,133829365;0,54171506;0,289295393;0,326413086;0,147301587;0,060694444;0,045912698;0,359272164;0,14803523;0,111982191;0,239503968;0,109460317;0,088865079;0,58415602;0,266976384;0,216744096
0,301964286;0,197103175;0,094980159;0,736498258;0,48073945;0,231658924;0,233055556;0,196448413;0,07547619;0,568428184;0,47914247;0,184088269;0,149305556;0,0925;0,064821429;0,364159893;0,225609756;0,158101046;0,207480159;0,142896825;0,138630952;0,506049168;0,348528842;0,338124274;0,221746032;0,080496032;0,039702381;0,54084398;0,196331785;0,096835075;0,222710318;0,141888889;0,082722222;0,543195896;0,346070461;0,201761518
0,339940476;0,158769841;0,100555556;0,829123113;0,387243515;0,245257453;0,253293651;0,298849206;0,089444444;0,617789392;0,728900503;0,218157182;0,143194444;0,101666667;0,102440476;0,349254741;0,24796748;0,24985482;0,246051587;0,136865079;0,133829365;0,600125823;0,333817267;0,326413086;0,209345238;0,097638889;0,027936508;0,510598142;0,238143631;0,068137824;0,238365079;0,158757937;0,09084127;0,581378242;0,387214479;0,221564073
0,267956349;0,143769841;0,119047619;0,653552071;0,350658149;0,290360046;0,245833333;0,16297619;0,072619048;0,599593496;0,397502904;0,177119628;0,17125;0,209285714;0,079801587;0,417682927;0,510452961;0,194638017;0,220218254;0,098134921;0,134801587;0,537117693;0,239353465;0,328784359;0,134325397;0,167222222;0,029047619;0,327622919;0,407859079;0,070847851;0,207916667;0,156277778;0,087063492;0,507113821;0,381165312;0,21234998
0,257956349;0,222400794;0,096884921;0,629161827;0,54244096;0,236304684;0,236369048;0,208353175;0,078789683;0,576509872;0,508178475;0,192169957;0,140992063;0,108452381;0,078452381;0,34388308;0,264518002;0,191347271;0,19702381;0,158333333;0,135138889;0,480545877;0,386178862;0,329607046;0,111289683;0,079285714;0,037757937;0,27143825;0,193379791;0,092092528;0,18872619;0,155365079;0,085404762;0,460307781;0,378939218;0,208304297
0,22093254;0,102519841;0,081706349;0,538859853;0,250048393;0,199283779;0,262619048;0,253174603;0,068888889;0,640534262;0,617499032;0,16802168;0,162559524;0,124166667;0,086130952;0,396486644;0,302845529;0,210075493;0,198134921;0,119484127;0,136031746;0,483255904;0,2914247;0,331784746;0,146230159;0,273829365;0,029246032;0,356658924;0,6678765;0,071331785;0,198095238;0,174634921;0,080400794;0,483159117;0,425938831;0,196099497
0,218095238;0,229880952;0,12327381;0,531939605;0,56068525;0,300667828;0,228551587;0,17202381;0,08422619;0,557442896;0,419570267;0,205429733;0,151448413;0,101865079;0,082321429;0,369386373;0,248451412;0,200783973;0,186190476;0,147579365;0,133075397;0,454123113;0,359949671;0,324574139;0,116845238;0,097559524;0,04547619;0,284988386;0,237950058;0,110917538;0,180226191;0,149781746;0,093674603;0,439576074;0,365321332;0,228474642
0,266230159;0,138928571;0,09984127;0,649341851;0,338850174;0,243515292;0,270535714;0,13827381;0,089583333;0,659843206;0,337253194;0,218495935;0,166071429;0,134861111;0,070376984;0,405052266;0,328929539;0,17165118;0,164742063;0,136210317;0,136190476;0,401809911;0,332220286;0,332171893;0,194543651;0,04797619;0,030238095;0,474496709;0,117015099;0,073751452;0,212424603;0,11925;0,085246032;0,518108788;0,290853658;0,207917151
0,224900794;0,15672619;0,117579365;0,548538521;0,382259001;0,286778939;0,253134921;0,225813492;0,078035714;0,617402245;0,550764615;0,19033101;0,180416667;0,11234127;0,083611111;0,440040651;0,274003098;0,203929539;0,214047619;0,11359127;0,13452381;0,522067364;0,277051878;0,328106852;0,157698413;0,165992063;0,026785714;0,384630275;0,404858691;0,06533101;0,206039683;0,154892857;0,088107143;0,502535811;0,377787457;0,21489547
0,198253968;0,130912698;0,11765873;0,483546264;0,319299264;0,286972513;0,25031746;0,294960317;0,089365079;0,610530391;0,719415408;0,217963608;0,131805556;0,106904762;0,080654762;0,321476966;0,260743322;0,196718932;0,158472222;0,122579365;0,137480159;0,386517615;0,298974061;0,33531746;0,214980159;0,112063492;0,027996032;0,524341851;0,27332559;0,068283004;0,190765873;0,153484127;0,090630952;0,465282617;0,374351529;0,221051103
0,351468254;0,10609127;0,119960317;0,857239644;0,258759195;0,29258614;0,27484127;0,161488095;0,095753968;0,670344561;0,393873403;0,233546264;0,189702381;0,13827381;0,084880952;0,462688734;0,337253195;0,207026712;0,190376984;0,131289683;0,131309524;0,464334108;0,320218738;0,320267131;0,218293651;0,130198413;0,048968254;0,532423539;0,317557104;0,119434766;0,244936508;0,133468254;0,096174603;0,597406117;0,325532327;0,234572203
0,291111111;0,231230159;0,124880952;0,7100271;0,563975997;0,304587689;0,271865079;0,214623016;0,085654762;0,663085559;0,52347077;0,208914053;0,221626984;0,121289683;0,092242063;0,54055362;0,295828495;0,224980641;0,253611111;0,14656746;0,134722222;0,618563686;0,357481611;0,328590786;0,17265873;0,078313492;0,028154762;0,421118854;0,191008517;0,068670151;0,242174603;0,158404762;0,093130952;0,590669764;0,386353078;0,227148664
0,355178571;0,233789683;0,119424603;0,866289199;0,570218738;0,29127952;0,21172619;0,139246032;0,082420635;0,516405343;0,339624468;0,201025939;0,169265873;0,149246032;0,077043651;0,412843593;0,364014712;0,187911344;0,193353175;0,122380952;0,133452381;0,471593109;0,298490128;0,325493612;0,107718254;0,134424603;0,029424603;0,262727449;0,327864886;0,071767325;0,207448413;0,15581746;0,088353175;0,505971738;0,380042586;0,215495548
0,255555556;0,218035714;0,093551587;0,623306233;0,531794425;0,228174603;0,222777778;0,198234127;0,096944444;0,543360434;0,483497871;0,236449864;0,136805556;0,127142857;0,082142857;0,333672088;0,310104529;0,200348432;0,174424603;0,188492063;0,139444444;0,425425861;0,45973674;0,340108401;0,213730159;0,19640873;0,027519841;0,52129307;0,479045683;0,067121564;0,20065873;0,185662698;0,087920635;0,489411537;0,45283585;0,214440573
0,295218254;0,222956349;0,132757937;0,720044522;0,543795974;0,323799845;0,302896825;0,147321429;0,078234127;0,738772745;0,359320557;0,190814944;0,224027778;0,110734127;0,081746032;0,546409215;0,270083237;0,199380566;0,19031746;0,115277778;0,137480159;0,464188928;0,281165312;0,33531746;0,19218254;0,112896825;0,030059524;0,468737902;0,275358111;0,073315912;0,240928571;0,141837302;0,092055556;0,587630662;0,345944638;0,224525745
0,340119048;0,138769841;0,116984127;0,829558653;0,338463027;0,285327139;0,290119048;0,257777778;0,099563492;0,707607433;0,628726287;0,242837786;0,194702381;0,124980159;0,088809524;0,474883856;0,304829656;0,216608595;0,252599206;0,139543651;0,133154762;0,616095625;0,340350368;0,324767712;0,170019841;0,117400794;0,029246032;0,41468254;0,286343399;0,071331785;0,249511905;0,155694444;0,093551587;0,608565621;0,379742548;0,228174603
0,322281746;0,123293651;0,098373016;0,786053039;0,300716221;0,239934185;0,207539683;0,244444444;0,07234127;0,506194348;0,596205962;0,176442122;0,185337302;0,124563492;0,088015873;0,4520422;0,303813395;0,214672861;0,242440476;0,15859127;0,128531746;0,591318235;0,386807975;0,313492063;0,208888889;0,137321429;0,029325397;0,509485095;0,334930314;0,071525358;0,233297619;0,157642857;0,08331746;0,569018583;0,384494773;0,203213318
0,277896825;0,130873016;0,082083333;0,677797135;0,319202478;0,200203252;0,217123016;0,132480159;0,08390873;0,529568331;0,323122338;0,204655439;0,178611111;0,155456349;0,079801587;0,435636856;0,379161827;0,194638017;0,211329365;0,108115079;0,136626984;0,515437476;0,263695316;0,333236547;0,185436508;0,085297619;0,035813492;0,452284166;0,208042973;0,087349981;0,214079365;0,122444444;0,083646825;0,522144793;0,298644986;0,204016647
0,301944444;0,089861111;0,087142857;0,736449864;0,219173442;0,212543554;0,227460317;0,184325397;0,068730159;0,554781262;0,449574139;0,167634533;0,212539683;0,115277778;0,082698413;0,518389471;0,281165312;0,201703446;0,194305556;0,134047619;0,133194444;0,473915989;0,326945412;0,324864499;0,224027778;0,097698413;0,029801587;0,546409214;0,238288811;0,072686798;0,232055556;0,124242064;0,080313492;0,56598916;0,303029423;0,195886566
0,26922619;0,193253968;0,092896825;0,656649245;0,471351142;0,226577623;0,287797619;0,189940476;0,087043651;0,701945412;0,463269454;0,212301587;0,174265873;0,127460317;0,075238095;0,425038715;0,310878822;0,183507549;0,207698413;0,125218254;0,14031746;0,506581494;0,305410376;0,342237708;0,18625;0,135138889;0,028035714;0,454268293;0,329607046;0,068379791;0,225047619;0,154202381;0,084706349;0,548896632;0,376103368;0,206600852
0,258948413;0,193630952;0,118095238;0,631581494;0,472270616;0,288037166;0,247797619;0,179583333;0,082420635;0,604384437;0,43800813;0,201025939;0,21656746;0,103948413;0,084325397;0,528213317;0,253532715;0,2056717;0,182202381;0,172281746;0,137123016;0,444396051;0,420199381;0,33444638;0,225952381;0,157678571;0,029027778;0,551103368;0,384581882;0,070799458;0,226293651;0,161424603;0,090198413;0,551935733;0,393718544;0,219996129
0,276924603;0,22343254;0,097281746;0,675425861;0,544957414;0,237272551;0,223373016;0,223115079;0,071289683;0,544812234;0,54418312;0,173877274;0,135218254;0,11297619;0,070039683;0,32980062;0,275551683;0,170828495;0,160853175;0,136706349;0,132579365;0,392324816;0,33343012;0,323364305;0,11765873;0,092936508;0,038353175;0,286972513;0,22667441;0,093544328;0,182805556;0,157833333;0,08190873;0,445867209;0,384959349;0,199777391
0,301646825;0,090376984;0,084166667;0,735723964;0,220431669;0,205284553;0,249384921;0,17656746;0,074821429;0,608255904;0,430652342;0,182491289;0,229662698;0,164861111;0,064662698;0,560152922;0,402100271;0,157713898;0,214285714;0,117936508;0,136170635;0,522648084;0,287650019;0,3321235;0,159503968;0,147857143;0,048888889;0,389034069;0,360627178;0,119241192;0,230896825;0,139519841;0,081742063;0,563162989;0,340292296;0,199370886
0,250793651;0,183412698;0,107003968;0,611691831;0,447348045;0,260985288;0,251666667;0,128630952;0,075059524;0,613821138;0,31373403;0,183072009;0,182123016;0,12859127;0,073353175;0,444202478;0,313637244;0,178910183;0,174722222;0,102678571;0,136468254;0,426151762;0,25043554;0,3328494;0,14140873;0,116289683;0,037539683;0,344899342;0,283633372;0,091560201;0,200142857;0,131920635;0,085884921;0,48815331;0,321757646;0,209475416
0,321369048;0,128154762;0,101706349;0,783826945;0,31257259;0,248064266;0,24202381;0,161765873;0,075198413;0,590301974;0,39455091;0,183410763;0,197003968;0,180059524;0,076349206;0,480497483;0,439169571;0,186217576;0,143492063;0,118948413;0,134186508;0,349980643;0,29011808;0,327284166;0,178293651;0,094742063;0,02906746;0,434862563;0,231078204;0,070896245;0,216436508;0,136734127;0,083301587;0,527893922;0,333497871;0,203174603
0,427222222;0,145595238;0,082440476;1,04200542;0,355110337;0,201074332;0,33890873;0,257876984;0,096071429;0,826606659;0,628968254;0,234320557;0,407123016;0,082142857;0,080218254;0,992982966;0,200348432;0,195654278;0,345615079;0,141230159;0,134662698;0,842963608;0,344463802;0,328445606;0,527043651;0,270972222;0,036865079;1,285472319;0,660907859;0,089914828;0,40918254;0,179563492;0,086051587;0,998006194;0,437959737;0,20988192
0,35093254;0,125555556;0,097916667;0,855933024;0,306233062;0,238821138;0,350357143;0,132321429;0,083869048;0,854529617;0,322735192;0,204558653;0,226448413;0,155178571;0,080198413;0,552313202;0,37848432;0,195605885;0,212718254;0,149623016;0,135456349;0,51882501;0,364934185;0,33038134;0,227083333;0,144623016;0,028650794;0,553861789;0,352739063;0,069879985;0,273507937;0,141460317;0,085218254;0,667092528;0,345025164;0,2078494
0,340615079;0,233095238;0,109126984;0,830768486;0,568524971;0,266163376;0,250714286;0,218511905;0,065257937;0,611498258;0,532955865;0,159165699;0,156944444;0,088214286;0,084087302;0,382791327;0,215156795;0,20509098;0,192400794;0,259642857;0,135416667;0,469270228;0,633275261;0,330284553;0,15452381;0,105198413;0,043988095;0,37688734;0,256581494;0,107288037;0,219039682;0,18093254;0,087575397;0,534243128;0,441298877;0,213598529
0,252916667;0,183769841;0,099880952;0,616869919;0,448219125;0,243612079;0,253333333;0,190873016;0,085099206;0,617886179;0,465543941;0,20755904;0,19843254;0,124047619;0,08984127;0,483981805;0,302555168;0,219125049;0,223730159;0,160992063;0,13609127;0,545683314;0,392663569;0,331929926;0,170873016;0,082460317;0,028174603;0,416763453;0,201122726;0,068718544;0,219857143;0,148428571;0,08781746;0,536236934;0,362020906;0,214188928
0,251448413;0,271884921;0,103571429;0,613288811;0,663133953;0,25261324;0,223511905;0,166130952;0,079960317;0,545150987;0,405197445;0,195025165;0,226507937;0,121865079;0,071488095;0,552458383;0,2972319;0,174361207;0,206547619;0,128730159;0,137559524;0,503774681;0,313975997;0,335511034;0,144047619;0,144880952;0,0275;0,351335656;0,353368177;0,067073171;0,210412699;0,166698413;0,084015873;0,513201704;0,406581494;0,204916763
0,392440476;0,275019841;0,115019841;0,957171893;0,670780101;0,280536198;0,294325397;0,217559524;0,083988095;0,717866822;0,530632985;0,204849013;0,199424603;0,154920635;0,084186508;0,486401471;0,377855207;0,205332946;0,220039683;0,118928571;0,13640873;0,536682153;0,290069686;0,33270422;0,152876984;0,159325397;0,038075397;0,372870693;0,388598529;0,092866822;0,251821429;0,185150794;0,091535714;0,614198606;0,451587302;0,22325784
0,265198413;0,18218254;0,118075397;0,646825397;0,444347658;0,287988773;0,262579365;0,184404762;0,078988095;0,640437476;0,449767712;0,192653891;0,179761905;0,151706349;0,072400794;0,438443671;0,370015485;0,176587302;0,163214286;0,079980159;0,133670635;0,398083624;0,195073558;0,326025939;0,12843254;0,150873016;0,037063492;0,313250097;0,367982966;0,090398761;0,199837302;0,149829365;0,088039683;0,487408053;0,365437476;0,214730933
0,380198413;0,136626984;0,103988095;0,927313202;0,333236547;0,253629501;0,28077381;0,201230159;0,069801587;0,68481417;0,490805265;0,170247774;0,219166667;0,093115079;0,098511905;0,534552846;0,227109949;0,240272939;0,201388889;0,145853175;0,129424603;0,491192412;0,35573945;0,315669764;0,175892857;0,149087302;0,028571429;0,429006969;0,363627565;0,069686411;0,251484127;0,14518254;0,086059524;0,61337592;0,354103755;0,209901278
0,31781746;0,2475;0,108035714;0,775164537;0,603658537;0,263501742;0,272797619;0,244781746;0,076369048;0,665360046;0,597028649;0,18626597;0,206964286;0,17609127;0,076150794;0,504790941;0,429490902;0,185733644;0,187837302;0,124900794;0,131845238;0,45813976;0,304636082;0,321573751;0,249444444;0,14218254;0,033134921;0,608401084;0,346786682;0,08081688;0,246972222;0,18709127;0,085107143;0,602371274;0,45632017;0,207578397
0,339246032;0,300218254;0,118452381;0,827429346;0,732239644;0,288908246;0,255218254;0,128075397;0,081686508;0,622483546;0,312379017;0,199235385;0,200952381;0,140119048;0,105575397;0,490127759;0,341753776;0,257500968;0,182480159;0,090833333;0,128650794;0,445073558;0,221544715;0,313782424;0,126011905;0,113015873;0,038134921;0,307346109;0,275648471;0,093012002;0,220781746;0,154452381;0,0945;0,538492064;0,376713124;0,230487805
0,317202381;0,355099206;0,111269841;0,773664344;0,866095625;0,271389857;0,302480159;0,182519841;0,075694444;0,737756485;0,445170345;0,184620596;0,201369048;0,159642857;0,077876984;0,49114402;0,389372822;0,189943863;0,243115079;0,124801587;0,142380952;0,592963608;0,304394115;0,347270616;0,241845238;0,133710317;0,028849206;0,589866434;0,326122726;0,070363918;0,261202381;0,191154762;0,087214286;0,637078978;0,466231127;0,21271777
0,268849206;0,133710317;0,100456349;0,655729772;0,326122726;0,245015486;0,21968254;0,164404762;0,093948413;0,535811072;0,400987224;0,22914247;0,163849206;0,126746032;0,086666667;0,39963221;0,309136663;0,211382115;0,197638889;0,104642857;0,136488095;0,48204607;0,255226481;0,332897793;0,188888889;0,10484127;0,037996032;0,460704607;0,255710414;0,092673248;0,207781746;0,126869048;0,091111111;0,506784746;0,309436702;0,222222222
0,241666667;0,200119048;0,094444444;0,589430894;0,488095238;0,230352304;0,247162698;0,181507937;0,071210317;0,60283585;0,442702284;0,173683701;0,211884921;0,177043651;0,08093254;0,51679249;0,431813783;0,197396439;0,237936508;0,140634921;0,138670635;0,580332946;0,343012002;0,338221061;0,173611111;0,180912698;0,028849206;0,423441734;0,441250484;0,070363918;0,222452381;0,176043651;0,082821429;0,542566783;0,429374758;0,202003484
0,237123016;0,248531746;0,098373016;0,578348819;0,60617499;0,239934185;0,244206349;0,140416667;0,078234127;0,595625242;0,342479675;0,190814944;0,186587302;0,122380952;0,085833333;0,45509098;0,298490127;0,209349593;0,165079365;0,089861111;0,137400794;0,402632598;0,219173442;0,335123887;0,140119048;0,108353175;0,028968254;0,341753775;0,264276036;0,070654278;0,194623016;0,14190873;0,085761905;0,474690283;0,346118854;0,209175377
0,280575397;0,253988095;0,111984127;0,684330236;0,619483159;0,273132017;0,242956349;0,17672619;0,08515873;0,592576461;0,431039489;0,20770422;0,176289683;0,078392857;0,094424603;0,429974837;0,19120209;0,23030391;0,253035714;0,110456349;0,132480159;0,617160279;0,26940573;0,323122338;0,124146825;0,125496032;0,05047619;0,302797135;0,306087882;0,12311266;0,215400794;0,149011905;0,094904762;0,52536779;0,36344367;0,231475029
0,294087302;0,132559524;0,11672619;0,717286101;0,323315912;0,284698026;0,218075397;0,233333333;0,085376984;0,531891212;0,569105691;0,208236547;0,196170635;0,102142857;0,080833333;0,478464963;0,24912892;0,197154471;0,192222222;0,081170635;0,126269841;0,468834688;0,197977158;0,307975223;0,190575397;0,110992063;0,056428571;0,464818041;0,27071235;0,137630662;0,21822619;0,132039683;0,093126984;0,532259001;0,322048006;0,227138986
0,290496032;0,135376984;0,091865079;0,708526907;0,330187766;0,224061169;0,233928571;0,159424603;0,105753968;0,570557491;0,388840496;0,257936508;0,141309524;0,133253968;0,069880952;0,344657376;0,325009678;0,170441346;0,18968254;0,126924603;0,140416667;0,462640341;0,309572203;0,342479675;0,138194444;0,101230159;0,03718254;0,337059621;0,246902826;0,090689121;0,198722222;0,131242063;0,089019841;0,484688347;0,320102594;0,217121564
0,283035714;0,197857143;0,090615079;0,69033101;0,482578397;0,221012389;0,210535714;0,182837302;0,083134921;0,513501742;0,445944638;0,202768099;0,14484127;0,153531746;0,07734127;0,35327139;0,374467673;0,188637244;0,150853175;0,10531746;0,127757937;0,367934572;0,256871854;0,311604723;0,147936508;0,136785714;0,045833333;0,360820751;0,333623693;0,111788618;0,187440476;0,155265873;0,084936508;0,457171893;0,378697251;0,207162215
